"HITId","HITTypeId","Title","Description","Keywords","Reward","CreationTime","MaxAssignments","RequesterAnnotation","AssignmentDurationInSeconds","AutoApprovalDelayInSeconds","Expiration","NumberOfSimilarHITs","LifetimeInSeconds","AssignmentId","WorkerId","AssignmentStatus","AcceptTime","SubmitTime","AutoApprovalTime","ApprovalTime","RejectionTime","RequesterFeedback","WorkTimeInSeconds","LifetimeApprovalRate","Last30DaysApprovalRate","Last7DaysApprovalRate","Input.pdf_url","Input.Category","Input.Description","Input.Positive_Example_1","Input.Positive_Example_2","Input.Positive_Example_3","Input.Negative_Example_1","Input.Negative_Example_2","Input.Negative_Example_3","Answer.question","Approve","Reject"
"35YHTYFL1IF0Y6C42AFJ4HQRDUCVFL","3FWHJCYVLHV1ZV8ST2GPUZCRACHSRJ","Brainstorm a Task for a Document","Given a PDF and a type of task, brainstorm a new task for that document.","document, brainstorming, questions","$0.50","Tue Jun 13 14:05:45 PDT 2023","1","BatchId:5090947;OriginalHitTemplateId:928390860;","1800","259200","Tue Jun 20 14:05:45 PDT 2023","","","351SEKWQS3TNXJ2TNEO4H5ZKT66DM5","A1GGOZPHYU0OC0","Approved","Tue Jun 13 18:33:10 PDT 2023","Tue Jun 13 18:36:13 PDT 2023","Fri Jun 16 18:36:13 PDT 2023","Wed Jun 14 08:12:10 PDT 2023","","","183","100% (72/72)","100% (63/63)","100% (63/63)","https://docinstructpdfs.s3.amazonaws.com/valid_pdfs/DR--206938595.pdf","Ask a question about a figure in the document.","A good question refers to a figure number or page in the document.","What is the main takeaway of Figure 4?","What is the largest value in Figure 4?","What kind of graph is used on page 5?","What is the main takeaway of the second graph? (missing reference to page or figure number)","","","N/A - no figures"
"3Y40HMYLL3UHLDEPXEB0E2OF3SZXUP","3FWHJCYVLHV1ZV8ST2GPUZCRACHSRJ","Brainstorm a Task for a Document","Given a PDF and a type of task, brainstorm a new task for that document.","document, brainstorming, questions","$0.50","Tue Jun 13 14:05:45 PDT 2023","1","BatchId:5090947;OriginalHitTemplateId:928390860;","1800","259200","Tue Jun 20 14:05:45 PDT 2023","","","340UGXU9D1DS487ON1FKE1ML6ZDUVD","A1GGOZPHYU0OC0","Approved","Tue Jun 13 18:43:17 PDT 2023","Tue Jun 13 18:50:02 PDT 2023","Fri Jun 16 18:50:02 PDT 2023","Wed Jun 14 08:12:10 PDT 2023","","","405","100% (72/72)","100% (63/63)","100% (63/63)","https://docinstructpdfs.s3.amazonaws.com/valid_pdfs/DR--206938595.pdf","Ask a question about the document.","A good question can be fully answered by the information in the document and is not self-evident (not able to be verified with a quick scan).","Is 2pm on Wednesday free?","What evidence is used to support the author's conclusion in section #8?","","What is the title of subsection #4? (too easy to answer)","","","Is the filename required for the output file path?"
"31HLTCK4BN76C68ZDUL1M2Q3E9CVGK","3FWHJCYVLHV1ZV8ST2GPUZCRACHSRJ","Brainstorm a Task for a Document","Given a PDF and a type of task, brainstorm a new task for that document.","document, brainstorming, questions","$0.50","Tue Jun 13 14:05:45 PDT 2023","1","BatchId:5090947;OriginalHitTemplateId:928390860;","1800","259200","Tue Jun 20 14:05:45 PDT 2023","","","3I02618YA3IFZOAS1P6L89X3KBCUPS","A1GGOZPHYU0OC0","Approved","Tue Jun 13 18:40:20 PDT 2023","Tue Jun 13 18:44:37 PDT 2023","Fri Jun 16 18:44:37 PDT 2023","Wed Jun 14 08:12:10 PDT 2023","","","257","100% (72/72)","100% (63/63)","100% (63/63)","https://docinstructpdfs.s3.amazonaws.com/valid_pdfs/DR--206938595.pdf","Ask a question about a table in the document.","A good question can use multiple cells, rows, columns, or tables.","Can you convert the minutes column in Table 2 to hours?","What row has the maximum value of the ""Accuracy"" column?","","What value is in the third column, fourth row? (too easy to answer)","","","N/A - no tables"
"31YWE12TE2OFN22TK6IP4AAVVH27XX","3FWHJCYVLHV1ZV8ST2GPUZCRACHSRJ","Brainstorm a Task for a Document","Given a PDF and a type of task, brainstorm a new task for that document.","document, brainstorming, questions","$0.50","Tue Jun 13 14:05:46 PDT 2023","1","BatchId:5090947;OriginalHitTemplateId:928390860;","1800","259200","Tue Jun 20 14:05:46 PDT 2023","","","3X66WABAJZUPNH4AJMKXRRTB675G32","A1GGOZPHYU0OC0","Approved","Tue Jun 13 18:43:16 PDT 2023","Tue Jun 13 18:49:46 PDT 2023","Fri Jun 16 18:49:46 PDT 2023","Wed Jun 14 08:12:10 PDT 2023","","","390","100% (72/72)","100% (63/63)","100% (63/63)","https://docinstructpdfs.s3.amazonaws.com/valid_pdfs/DR--206938595.pdf","Ask a question about the structure of the document.","A good question references parts of the document by name, number, or page, and asks about content in those parts.","What is the main takeaway from section 5?","What counterexamples are provided in paragraph 3, section #1?","","How many sections are there in the document? (too easy to answer)","What is the title of the document? (too easy to answer)","","What buttons are listed on page 2?"
"3S37Y8CWIAC3FFFK83OWZFCEVD64WH","3FWHJCYVLHV1ZV8ST2GPUZCRACHSRJ","Brainstorm a Task for a Document","Given a PDF and a type of task, brainstorm a new task for that document.","document, brainstorming, questions","$0.50","Tue Jun 13 14:05:46 PDT 2023","1","BatchId:5090947;OriginalHitTemplateId:928390860;","1800","259200","Tue Jun 20 14:05:46 PDT 2023","","","3A1PQ49WVKT7DAL6GOOWOYQFNN41HU","A1GGOZPHYU0OC0","Approved","Tue Jun 13 18:33:12 PDT 2023","Tue Jun 13 18:37:34 PDT 2023","Fri Jun 16 18:37:34 PDT 2023","Wed Jun 14 08:12:10 PDT 2023","","","262","100% (72/72)","100% (63/63)","100% (63/63)","https://docinstructpdfs.s3.amazonaws.com/valid_pdfs/DR--206938595.pdf","Ask for a summary of parts of the document or the full document.","A good summarization task specifies the content to summarize and summary type (e.g., length, style)","Can you provide a concise summary of section 2?","Write a detailed summary about the main takeaways of the paper.","","What is a summary of the document? (does not specify summary length)","","","Can you provide a short summary of what all the buttons do?"
"337F8MIIM1PA7PEZFWVBSK3AU8R04B","3FWHJCYVLHV1ZV8ST2GPUZCRACHSRJ","Brainstorm a Task for a Document","Given a PDF and a type of task, brainstorm a new task for that document.","document, brainstorming, questions","$0.50","Tue Jun 13 14:05:46 PDT 2023","1","BatchId:5090947;OriginalHitTemplateId:928390860;","1800","259200","Tue Jun 20 14:05:46 PDT 2023","","","3B3WTRP3DEELNPLJ1G0IG02WWGA92T","A1GGOZPHYU0OC0","Approved","Tue Jun 13 18:33:12 PDT 2023","Tue Jun 13 18:36:58 PDT 2023","Fri Jun 16 18:36:58 PDT 2023","Wed Jun 14 08:12:10 PDT 2023","","","226","100% (72/72)","100% (63/63)","100% (63/63)","https://docinstructpdfs.s3.amazonaws.com/valid_pdfs/DR--206938595.pdf","Ask for specific content to be extracted from the document.","A good extraction task asks to find content that's answerable with one or more highlights in the document.","Find all the councilmembers mentioned in this document.","What are the three central claims of the author?","What are the main findings?","""How many times does the author mention the title character?"" (not relevant question)","Write a short summary. (does not specify summary content)","","Name all buttons"
"31ODACBENWRHX3L9MVL85TAYLSRSQ7","3FWHJCYVLHV1ZV8ST2GPUZCRACHSRJ","Brainstorm a Task for a Document","Given a PDF and a type of task, brainstorm a new task for that document.","document, brainstorming, questions","$0.50","Tue Jun 13 14:05:46 PDT 2023","1","BatchId:5090947;OriginalHitTemplateId:928390860;","1800","259200","Tue Jun 20 14:05:46 PDT 2023","","","3QY5DC2MXUW38BLYNMAGWFJZI5PUFP","A1GGOZPHYU0OC0","Approved","Tue Jun 13 18:38:48 PDT 2023","Tue Jun 13 18:43:50 PDT 2023","Fri Jun 16 18:43:50 PDT 2023","Wed Jun 14 08:12:11 PDT 2023","","","302","100% (72/72)","100% (63/63)","100% (63/63)","https://docinstructpdfs.s3.amazonaws.com/valid_pdfs/DR--206938595.pdf","Ask for a rewrite of some text in the document.","Copy some text from the document and ask for it to be rewritten in a certain way,or with a certain style.
 
A good task contains the text to be rewritten, and a description of how it should be rewritten.","Can you rewrite this in more modern language: ""The thousand injuries of Fortunato I had borne as best I could. But when he ventured upon insult, I vowed revenge.""","Can you simplify this: ""In mice, immunoregulatory APCs express the dendritic  cell (DC) marker CD11c, and one or more distinctive  markers (CD8, B220, DX5).""","","Remove all typos. (too broad, does not refer to specific text)","","","Can you rewrite this sentence in the style of Bill Cosby: ""Select to create an on-screen preview of report the system task will generate."""
"3JGHED38EF34N7S3P24RNOH4XNW7Y3","3FWHJCYVLHV1ZV8ST2GPUZCRACHSRJ","Brainstorm a Task for a Document","Given a PDF and a type of task, brainstorm a new task for that document.","document, brainstorming, questions","$0.50","Tue Jun 13 14:05:46 PDT 2023","1","BatchId:5090947;OriginalHitTemplateId:928390860;","1800","259200","Tue Jun 20 14:05:46 PDT 2023","","","3L70J4KAZJYMVIT4QBYZ8E4KZPGDAK","A1GGOZPHYU0OC0","Approved","Tue Jun 13 18:29:26 PDT 2023","Tue Jun 13 18:32:48 PDT 2023","Fri Jun 16 18:32:48 PDT 2023","Wed Jun 14 08:12:11 PDT 2023","","","202","100% (72/72)","100% (63/63)","100% (63/63)","https://docinstructpdfs.s3.amazonaws.com/valid_pdfs/DR--206938595.pdf","Ask a question that can’t be answered with just the document.","A good question is related to the document, but the answer isn't found in the document.","What other books were written by the novelist author?","Besides the theory discussed in this document, what other scientific theories explain the given phenomena?","Can you explain the term ""mitochondria""?","Questions that are unrelated to the document's content","","","When was ECC online help site launched?"
"39O6Z4JLX49HYS3P24L5AOQYHZ8XVE","3FWHJCYVLHV1ZV8ST2GPUZCRACHSRJ","Brainstorm a Task for a Document","Given a PDF and a type of task, brainstorm a new task for that document.","document, brainstorming, questions","$0.50","Tue Jun 13 14:05:46 PDT 2023","1","BatchId:5090947;OriginalHitTemplateId:928390860;","1800","259200","Tue Jun 20 14:05:46 PDT 2023","","","36H9ULYP656UUVA4BN62PDAO1L0FJF","A3UUH3632AI3ZX","Approved","Tue Jun 13 14:07:22 PDT 2023","Tue Jun 13 14:08:39 PDT 2023","Fri Jun 16 14:08:39 PDT 2023","Tue Jun 13 14:16:33 PDT 2023","","","77","100% (39/39)","100% (39/39)","100% (39/39)","https://docinstructpdfs.s3.amazonaws.com/valid_pdfs/DR--206938595.pdf","Ask a question that needs multiple parts of the document to answer.","A good question references sections or pages across different pages or different page numbers.","Do the results in the conclusions support the claims in the abstract?","","","Any task that is answerable in one place in the document, or not answerable at all.","","","How many sections are there in the table of system tasks?"
"382GHPVPHU36OHDWYJDUUI1HXKB349","3FWHJCYVLHV1ZV8ST2GPUZCRACHSRJ","Brainstorm a Task for a Document","Given a PDF and a type of task, brainstorm a new task for that document.","document, brainstorming, questions","$0.50","Tue Jun 13 14:05:46 PDT 2023","1","BatchId:5090947;OriginalHitTemplateId:928390860;","1800","259200","Tue Jun 20 14:05:46 PDT 2023","","","3A0EX8ZRNB0UC3TNSLL9GAYRZV8BYM","A1NF6PELRKACS9","Approved","Tue Jun 13 18:35:24 PDT 2023","Tue Jun 13 18:55:39 PDT 2023","Fri Jun 16 18:55:39 PDT 2023","Wed Jun 14 08:12:11 PDT 2023","","","1215","100% (3835/3836)","100% (49/49)","100% (49/49)","https://docinstructpdfs.s3.amazonaws.com/valid_pdfs/DR--206938595.pdf","Ask about the type of the document.","A good question asks whether a document falls into one or more categories, which are relevant to the document.","Is this document a scientific article?","Is this document about a residential lease or a commercial lease?","","What is this document? (too broad/general)","","","Is this document a software article?"
"30UZJB2POJOOK0HWCOW4ZA7VXG635E","3FWHJCYVLHV1ZV8ST2GPUZCRACHSRJ","Brainstorm a Task for a Document","Given a PDF and a type of task, brainstorm a new task for that document.","document, brainstorming, questions","$0.50","Tue Jun 13 14:05:46 PDT 2023","2","BatchId:5090947;OriginalHitTemplateId:928390860;","1800","259200","Tue Jun 20 14:05:46 PDT 2023","","","3BDCF01OG066PCFZJYA3UDUWBPLYLV","A1GGOZPHYU0OC0","Approved","Tue Jun 13 18:33:05 PDT 2023","Tue Jun 13 18:34:11 PDT 2023","Fri Jun 16 18:34:11 PDT 2023","Wed Jun 14 08:12:11 PDT 2023","","","66","100% (72/72)","100% (63/63)","100% (63/63)","https://docinstructpdfs.s3.amazonaws.com/valid_pdfs/DR--206938595.pdf","Ask a question that is not answerable with the document.","A good question might:(a) be related to the document
(b) refer to non-existent tables, figures, or sections
(c) not have enough information to answer it
(d) not be related to the document at all","","","","","","","Can the Output File Path be a Google Drive path?"
"30UZJB2POJOOK0HWCOW4ZA7VXG635E","3FWHJCYVLHV1ZV8ST2GPUZCRACHSRJ","Brainstorm a Task for a Document","Given a PDF and a type of task, brainstorm a new task for that document.","document, brainstorming, questions","$0.50","Tue Jun 13 14:05:46 PDT 2023","2","BatchId:5090947;OriginalHitTemplateId:928390860;","1800","259200","Tue Jun 20 14:05:46 PDT 2023","","","3JZQSN0I3TMK3TK33HLZS0I89TJGFC","AORHXBTOCXFUK","Rejected","Tue Jun 13 14:11:50 PDT 2023","Tue Jun 13 14:17:16 PDT 2023","Fri Jun 16 14:17:16 PDT 2023","","Tue Jun 13 14:20:40 PDT 2023","Low quality submissions for DocInstruct Tasks v2 batch.","326","65% (13/20)","13% (1/8)","13% (1/8)","https://docinstructpdfs.s3.amazonaws.com/valid_pdfs/DR--206938595.pdf","Ask a question that is not answerable with the document.","A good question might:(a) be related to the document
(b) refer to non-existent tables, figures, or sections
(c) not have enough information to answer it
(d) not be related to the document at all","","","","","","","Name of the printer the system uses to print the report generated by the system task"
"3VZYA8PITQAS38IZT1ELXC9OU4M05G","3FWHJCYVLHV1ZV8ST2GPUZCRACHSRJ","Brainstorm a Task for a Document","Given a PDF and a type of task, brainstorm a new task for that document.","document, brainstorming, questions","$0.50","Tue Jun 13 14:05:46 PDT 2023","1","BatchId:5090947;OriginalHitTemplateId:928390860;","1800","259200","Tue Jun 20 14:05:46 PDT 2023","","","3M1CVSFP63HGKRX9VX4J8DBJI46AQN","A1GGOZPHYU0OC0","Approved","Tue Jun 13 18:33:07 PDT 2023","Tue Jun 13 18:35:27 PDT 2023","Fri Jun 16 18:35:27 PDT 2023","Wed Jun 14 08:12:11 PDT 2023","","","140","100% (72/72)","100% (63/63)","100% (63/63)","https://docinstructpdfs.s3.amazonaws.com/valid_pdfs/DR--168853401.pdf","Ask a question about a figure in the document.","A good question refers to a figure number or page in the document.","What is the main takeaway of Figure 4?","What is the largest value in Figure 4?","What kind of graph is used on page 5?","What is the main takeaway of the second graph? (missing reference to page or figure number)","","","N/A - no numbered figures"
"3FO95NVK5ECH9409ZAA8AJK3HETSR8","3FWHJCYVLHV1ZV8ST2GPUZCRACHSRJ","Brainstorm a Task for a Document","Given a PDF and a type of task, brainstorm a new task for that document.","document, brainstorming, questions","$0.50","Tue Jun 13 14:05:46 PDT 2023","1","BatchId:5090947;OriginalHitTemplateId:928390860;","1800","259200","Tue Jun 20 14:05:46 PDT 2023","","","33CUSNVVNQOWVZ4YC535QVKOY6T887","A2SWQM5X54P1O5","Approved","Tue Jun 13 14:06:07 PDT 2023","Tue Jun 13 14:14:21 PDT 2023","Fri Jun 16 14:14:21 PDT 2023","Tue Jun 13 14:16:33 PDT 2023","","","494","100% (5/5)","100% (5/5)","100% (5/5)","https://docinstructpdfs.s3.amazonaws.com/valid_pdfs/DR--168853401.pdf","Ask a question about the document.","A good question can be fully answered by the information in the document and is not self-evident (not able to be verified with a quick scan).","Is 2pm on Wednesday free?","What evidence is used to support the author's conclusion in section #8?","","What is the title of subsection #4? (too easy to answer)","","","Are the fees nonrefundable?"
"3OKP4QVBP49MKI512ZU5QFCQTZCAGZ","3FWHJCYVLHV1ZV8ST2GPUZCRACHSRJ","Brainstorm a Task for a Document","Given a PDF and a type of task, brainstorm a new task for that document.","document, brainstorming, questions","$0.50","Tue Jun 13 14:05:46 PDT 2023","1","BatchId:5090947;OriginalHitTemplateId:928390860;","1800","259200","Tue Jun 20 14:05:46 PDT 2023","","","3B837J3LDR8KWOY3PCFAY3FU0WFSR2","A1GGOZPHYU0OC0","Approved","Tue Jun 13 18:41:49 PDT 2023","Tue Jun 13 18:46:04 PDT 2023","Fri Jun 16 18:46:04 PDT 2023","Wed Jun 14 08:12:11 PDT 2023","","","255","100% (72/72)","100% (63/63)","100% (63/63)","https://docinstructpdfs.s3.amazonaws.com/valid_pdfs/DR--168853401.pdf","Ask a question about a table in the document.","A good question can use multiple cells, rows, columns, or tables.","Can you convert the minutes column in Table 2 to hours?","What row has the maximum value of the ""Accuracy"" column?","","What value is in the third column, fourth row? (too easy to answer)","","","Can you sort the Stop IDs in the route table for Bus 03 in ascending order?"
"3YLPJ8OXXAPI4FKAI8KI1YQL4FC4XA","3FWHJCYVLHV1ZV8ST2GPUZCRACHSRJ","Brainstorm a Task for a Document","Given a PDF and a type of task, brainstorm a new task for that document.","document, brainstorming, questions","$0.50","Tue Jun 13 14:05:46 PDT 2023","1","BatchId:5090947;OriginalHitTemplateId:928390860;","1800","259200","Tue Jun 20 14:05:46 PDT 2023","","","3X4MXAO0BJ0D35FC9HPBVSIF69ARWF","A1GGOZPHYU0OC0","Approved","Tue Jun 13 18:29:25 PDT 2023","Tue Jun 13 18:31:05 PDT 2023","Fri Jun 16 18:31:05 PDT 2023","Wed Jun 14 08:12:11 PDT 2023","","","100","100% (72/72)","100% (63/63)","100% (63/63)","https://docinstructpdfs.s3.amazonaws.com/valid_pdfs/DR--168853401.pdf","Ask a question about the structure of the document.","A good question references parts of the document by name, number, or page, and asks about content in those parts.","What is the main takeaway from section 5?","What counterexamples are provided in paragraph 3, section #1?","","How many sections are there in the document? (too easy to answer)","What is the title of the document? (too easy to answer)","","What is the purpose of the first table on page 2?"
"3TUOHPJXYJ9UDH3USEQ1WQ9CO8AXWO","3FWHJCYVLHV1ZV8ST2GPUZCRACHSRJ","Brainstorm a Task for a Document","Given a PDF and a type of task, brainstorm a new task for that document.","document, brainstorming, questions","$0.50","Tue Jun 13 14:05:46 PDT 2023","1","BatchId:5090947;OriginalHitTemplateId:928390860;","1800","259200","Tue Jun 20 14:05:46 PDT 2023","","","39N5ACM9HHZHFWMP3EBUCDAP7Q2P9W","A1NF6PELRKACS9","Approved","Tue Jun 13 18:37:47 PDT 2023","Tue Jun 13 18:56:20 PDT 2023","Fri Jun 16 18:56:20 PDT 2023","Wed Jun 14 08:12:11 PDT 2023","","","1113","100% (3835/3836)","100% (49/49)","100% (49/49)","https://docinstructpdfs.s3.amazonaws.com/valid_pdfs/DR--168853401.pdf","Ask for a summary of parts of the document or the full document.","A good summarization task specifies the content to summarize and summary type (e.g., length, style)","Can you provide a concise summary of section 2?","Write a detailed summary about the main takeaways of the paper.","","What is a summary of the document? (does not specify summary length)","","","What is the concise summary of the terms and conditions mentioned in page 3 of the document?"
"311HQEI8RUS4SX28LO6A1VQ63H07ZU","3FWHJCYVLHV1ZV8ST2GPUZCRACHSRJ","Brainstorm a Task for a Document","Given a PDF and a type of task, brainstorm a new task for that document.","document, brainstorming, questions","$0.50","Tue Jun 13 14:05:46 PDT 2023","2","BatchId:5090947;OriginalHitTemplateId:928390860;","1800","259200","Tue Jun 20 14:05:46 PDT 2023","","","3X0H8UUIT40P4KFPO6PGL2NBS84SW9","A1MJVTR0PCKBWW","Approved","Tue Jun 13 14:23:14 PDT 2023","Tue Jun 13 14:23:55 PDT 2023","Fri Jun 16 14:23:55 PDT 2023","Tue Jun 13 14:37:45 PDT 2023","","","41","100% (700/700)","100% (22/22)","100% (22/22)","https://docinstructpdfs.s3.amazonaws.com/valid_pdfs/DR--168853401.pdf","Ask for specific content to be extracted from the document.","A good extraction task asks to find content that's answerable with one or more highlights in the document.","Find all the councilmembers mentioned in this document.","What are the three central claims of the author?","What are the main findings?","""How many times does the author mention the title character?"" (not relevant question)","Write a short summary. (does not specify summary content)","","What Bus does The Nexus bus stop?"
"311HQEI8RUS4SX28LO6A1VQ63H07ZU","3FWHJCYVLHV1ZV8ST2GPUZCRACHSRJ","Brainstorm a Task for a Document","Given a PDF and a type of task, brainstorm a new task for that document.","document, brainstorming, questions","$0.50","Tue Jun 13 14:05:46 PDT 2023","2","BatchId:5090947;OriginalHitTemplateId:928390860;","1800","259200","Tue Jun 20 14:05:46 PDT 2023","","","3Y5140Z9D0SAQXFS78H7P69SQCYIP9","AORHXBTOCXFUK","Rejected","Tue Jun 13 14:11:36 PDT 2023","Tue Jun 13 14:16:35 PDT 2023","Fri Jun 16 14:16:35 PDT 2023","","Tue Jun 13 14:20:40 PDT 2023","Low quality submissions for DocInstruct Tasks v2 batch.","299","65% (13/20)","13% (1/8)","13% (1/8)","https://docinstructpdfs.s3.amazonaws.com/valid_pdfs/DR--168853401.pdf","Ask for specific content to be extracted from the document.","A good extraction task asks to find content that's answerable with one or more highlights in the document.","Find all the councilmembers mentioned in this document.","What are the three central claims of the author?","What are the main findings?","""How many times does the author mention the title character?"" (not relevant question)","Write a short summary. (does not specify summary content)","","Students already taking the bus 2-way per day $ 100.00 / term / child"
"37OPIVELUWF0KE0CM5CNBFOR8ZPAHY","3FWHJCYVLHV1ZV8ST2GPUZCRACHSRJ","Brainstorm a Task for a Document","Given a PDF and a type of task, brainstorm a new task for that document.","document, brainstorming, questions","$0.50","Tue Jun 13 14:05:46 PDT 2023","1","BatchId:5090947;OriginalHitTemplateId:928390860;","1800","259200","Tue Jun 20 14:05:46 PDT 2023","","","3K9FOBBF2KVCDDBLCW1SDXWP727LNC","A38DC3BG1ZCVZ2","Approved","Tue Jun 13 15:36:43 PDT 2023","Tue Jun 13 15:47:45 PDT 2023","Fri Jun 16 15:47:45 PDT 2023","Wed Jun 14 08:12:12 PDT 2023","","","662","100% (242/242)","100% (125/125)","100% (125/125)","https://docinstructpdfs.s3.amazonaws.com/valid_pdfs/DR--168853401.pdf","Ask for a rewrite of some text in the document.","Copy some text from the document and ask for it to be rewritten in a certain way,or with a certain style.
 
A good task contains the text to be rewritten, and a description of how it should be rewritten.","Can you rewrite this in more modern language: ""The thousand injuries of Fortunato I had borne as best I could. But when he ventured upon insult, I vowed revenge.""","Can you simplify this: ""In mice, immunoregulatory APCs express the dendritic  cell (DC) marker CD11c, and one or more distinctive  markers (CD8, B220, DX5).""","","Remove all typos. (too broad, does not refer to specific text)","","","Can you rewrite this but change the currency to US dollars? ""These costs are fixed and students can use the bus one or multiple days per week. The cost shall be charged per term according to four (4) terms in a school year. All costs are quoted in Singapore  dollars and subject to the prevailing Goods and Services Tax of 7%."""
"3KLL7H3EGFDKC23AX03J7224T9PVHJ","3FWHJCYVLHV1ZV8ST2GPUZCRACHSRJ","Brainstorm a Task for a Document","Given a PDF and a type of task, brainstorm a new task for that document.","document, brainstorming, questions","$0.50","Tue Jun 13 14:05:46 PDT 2023","1","BatchId:5090947;OriginalHitTemplateId:928390860;","1800","259200","Tue Jun 20 14:05:46 PDT 2023","","","38JBBYETQRMCLZRND5ZS1T057OX4EZ","A1MJVTR0PCKBWW","Approved","Tue Jun 13 14:22:29 PDT 2023","Tue Jun 13 14:22:56 PDT 2023","Fri Jun 16 14:22:56 PDT 2023","Tue Jun 13 14:37:46 PDT 2023","","","27","100% (700/700)","100% (22/22)","100% (22/22)","https://docinstructpdfs.s3.amazonaws.com/valid_pdfs/DR--168853401.pdf","Ask a question that can’t be answered with just the document.","A good question is related to the document, but the answer isn't found in the document.","What other books were written by the novelist author?","Besides the theory discussed in this document, what other scientific theories explain the given phenomena?","Can you explain the term ""mitochondria""?","Questions that are unrelated to the document's content","","","What is the stop code for Holland Village for Bus 04?"
"3NI0WFPPIBSOMCIDYKOQPINOQZX06W","3FWHJCYVLHV1ZV8ST2GPUZCRACHSRJ","Brainstorm a Task for a Document","Given a PDF and a type of task, brainstorm a new task for that document.","document, brainstorming, questions","$0.50","Tue Jun 13 14:05:46 PDT 2023","1","BatchId:5090947;OriginalHitTemplateId:928390860;","1800","259200","Tue Jun 20 14:05:46 PDT 2023","","","3B3WTRP3DEELNPLJ1G0IG02WWCJ92U","A3UUH3632AI3ZX","Approved","Tue Jun 13 14:08:40 PDT 2023","Tue Jun 13 14:09:54 PDT 2023","Fri Jun 16 14:09:54 PDT 2023","Tue Jun 13 14:16:33 PDT 2023","","","74","100% (39/39)","100% (39/39)","100% (39/39)","https://docinstructpdfs.s3.amazonaws.com/valid_pdfs/DR--168853401.pdf","Ask a question that needs multiple parts of the document to answer.","A good question references sections or pages across different pages or different page numbers.","Do the results in the conclusions support the claims in the abstract?","","","Any task that is answerable in one place in the document, or not answerable at all.","","","Would you be willing to read and sign the terms and conditions after seeing the costs section?"
"3G3AJKPCXN474KAKN46KKCXU6L64YG","3FWHJCYVLHV1ZV8ST2GPUZCRACHSRJ","Brainstorm a Task for a Document","Given a PDF and a type of task, brainstorm a new task for that document.","document, brainstorming, questions","$0.50","Tue Jun 13 14:05:46 PDT 2023","1","BatchId:5090947;OriginalHitTemplateId:928390860;","1800","259200","Tue Jun 20 14:05:46 PDT 2023","","","3PH3VY7DJO9M5W13JYJOHVKEFPRZWC","A26ZENZ5G8AEGM","Approved","Tue Jun 13 16:57:38 PDT 2023","Tue Jun 13 16:59:03 PDT 2023","Fri Jun 16 16:59:03 PDT 2023","Wed Jun 14 08:12:12 PDT 2023","","","85","100% (11/11)","100% (11/11)","100% (11/11)","https://docinstructpdfs.s3.amazonaws.com/valid_pdfs/DR--168853401.pdf","Ask about the type of the document.","A good question asks whether a document falls into one or more categories, which are relevant to the document.","Is this document a scientific article?","Is this document about a residential lease or a commercial lease?","","What is this document? (too broad/general)","","","Is this form an application for bus transportation?"
"3SD15I2WD46K34HAH769RGLVTBH36U","3FWHJCYVLHV1ZV8ST2GPUZCRACHSRJ","Brainstorm a Task for a Document","Given a PDF and a type of task, brainstorm a new task for that document.","document, brainstorming, questions","$0.50","Tue Jun 13 14:05:46 PDT 2023","2","BatchId:5090947;OriginalHitTemplateId:928390860;","1800","259200","Tue Jun 20 14:05:46 PDT 2023","","","3SEPORI8WQBPYJY0ITNWZ6NNN6QZA3","A26ZENZ5G8AEGM","Approved","Tue Jun 13 16:59:03 PDT 2023","Tue Jun 13 17:00:39 PDT 2023","Fri Jun 16 17:00:39 PDT 2023","Wed Jun 14 08:12:12 PDT 2023","","","96","100% (11/11)","100% (11/11)","100% (11/11)","https://docinstructpdfs.s3.amazonaws.com/valid_pdfs/DR--168853401.pdf","Ask a question that is not answerable with the document.","A good question might:(a) be related to the document
(b) refer to non-existent tables, figures, or sections
(c) not have enough information to answer it
(d) not be related to the document at all","","","","","","","What is the schedule for the bus stops?"
"3SD15I2WD46K34HAH769RGLVTBH36U","3FWHJCYVLHV1ZV8ST2GPUZCRACHSRJ","Brainstorm a Task for a Document","Given a PDF and a type of task, brainstorm a new task for that document.","document, brainstorming, questions","$0.50","Tue Jun 13 14:05:46 PDT 2023","2","BatchId:5090947;OriginalHitTemplateId:928390860;","1800","259200","Tue Jun 20 14:05:46 PDT 2023","","","3JWH6J9I9VP004P9LJCYZU0KV7DBNX","AORHXBTOCXFUK","Rejected","Tue Jun 13 14:11:43 PDT 2023","Tue Jun 13 14:16:54 PDT 2023","Fri Jun 16 14:16:54 PDT 2023","","Tue Jun 13 14:20:42 PDT 2023","Low quality submissions for DocInstruct Tasks v2 batch.","311","65% (13/20)","13% (1/8)","13% (1/8)","https://docinstructpdfs.s3.amazonaws.com/valid_pdfs/DR--168853401.pdf","Ask a question that is not answerable with the document.","A good question might:(a) be related to the document
(b) refer to non-existent tables, figures, or sections
(c) not have enough information to answer it
(d) not be related to the document at all","","","","","","","Students must remain seated and keep their seat belts fastened throughout their journey."
"3BO3NEOQM2T0G9BWSNU8BRP68C4AIR","3FWHJCYVLHV1ZV8ST2GPUZCRACHSRJ","Brainstorm a Task for a Document","Given a PDF and a type of task, brainstorm a new task for that document.","document, brainstorming, questions","$0.50","Tue Jun 13 14:05:46 PDT 2023","1","BatchId:5090947;OriginalHitTemplateId:928390860;","1800","259200","Tue Jun 20 14:05:46 PDT 2023","","","39KFRKBFIQ7EVXIWWQQVMUYQ6UQYOC","A1GGOZPHYU0OC0","Approved","Tue Jun 13 18:33:11 PDT 2023","Tue Jun 13 18:36:29 PDT 2023","Fri Jun 16 18:36:29 PDT 2023","Wed Jun 14 08:12:12 PDT 2023","","","198","100% (72/72)","100% (63/63)","100% (63/63)","https://docinstructpdfs.s3.amazonaws.com/valid_pdfs/DR--16132429.pdf","Ask a question about a figure in the document.","A good question refers to a figure number or page in the document.","What is the main takeaway of Figure 4?","What is the largest value in Figure 4?","What kind of graph is used on page 5?","What is the main takeaway of the second graph? (missing reference to page or figure number)","","","N/A - no figures"
"36KM3FWE3TO7QCWIHUTIVWNKLAH07V","3FWHJCYVLHV1ZV8ST2GPUZCRACHSRJ","Brainstorm a Task for a Document","Given a PDF and a type of task, brainstorm a new task for that document.","document, brainstorming, questions","$0.50","Tue Jun 13 14:05:46 PDT 2023","1","BatchId:5090947;OriginalHitTemplateId:928390860;","1800","259200","Tue Jun 20 14:05:46 PDT 2023","","","3Y54SXRO1OXDRG3ZI6F5DJY09EWTUV","A1GGOZPHYU0OC0","Approved","Tue Jun 13 18:33:13 PDT 2023","Tue Jun 13 18:38:10 PDT 2023","Fri Jun 16 18:38:10 PDT 2023","Wed Jun 14 08:12:12 PDT 2023","","","297","100% (72/72)","100% (63/63)","100% (63/63)","https://docinstructpdfs.s3.amazonaws.com/valid_pdfs/DR--16132429.pdf","Ask a question about the document.","A good question can be fully answered by the information in the document and is not self-evident (not able to be verified with a quick scan).","Is 2pm on Wednesday free?","What evidence is used to support the author's conclusion in section #8?","","What is the title of subsection #4? (too easy to answer)","","","Does Michael Crawford support same-sex marriage?"
"3B286OTISGTWBKV2A5F8NS46LRTAJ3","3FWHJCYVLHV1ZV8ST2GPUZCRACHSRJ","Brainstorm a Task for a Document","Given a PDF and a type of task, brainstorm a new task for that document.","document, brainstorming, questions","$0.50","Tue Jun 13 14:05:47 PDT 2023","2","BatchId:5090947;OriginalHitTemplateId:928390860;","1800","259200","Tue Jun 20 14:05:47 PDT 2023","","","3K3R2QNK8EFU71ULK0AOMJXOF7UU9X","A1GGOZPHYU0OC0","Approved","Tue Jun 13 18:37:34 PDT 2023","Tue Jun 13 18:43:13 PDT 2023","Fri Jun 16 18:43:13 PDT 2023","Wed Jun 14 08:12:12 PDT 2023","","","339","100% (72/72)","100% (63/63)","100% (63/63)","https://docinstructpdfs.s3.amazonaws.com/valid_pdfs/DR--16132429.pdf","Ask a question about a table in the document.","A good question can use multiple cells, rows, columns, or tables.","Can you convert the minutes column in Table 2 to hours?","What row has the maximum value of the ""Accuracy"" column?","","What value is in the third column, fourth row? (too easy to answer)","","","N/A - no tables"
"3B286OTISGTWBKV2A5F8NS46LRTAJ3","3FWHJCYVLHV1ZV8ST2GPUZCRACHSRJ","Brainstorm a Task for a Document","Given a PDF and a type of task, brainstorm a new task for that document.","document, brainstorming, questions","$0.50","Tue Jun 13 14:05:47 PDT 2023","2","BatchId:5090947;OriginalHitTemplateId:928390860;","1800","259200","Tue Jun 20 14:05:47 PDT 2023","","","308XBLVESLGLF2H1EQTF8E5UW42BRL","AORHXBTOCXFUK","Rejected","Tue Jun 13 14:12:04 PDT 2023","Tue Jun 13 14:19:01 PDT 2023","Fri Jun 16 14:19:01 PDT 2023","","Tue Jun 13 14:20:42 PDT 2023","Low quality submissions for DocInstruct Tasks v2 batch.","417","65% (13/20)","13% (1/8)","13% (1/8)","https://docinstructpdfs.s3.amazonaws.com/valid_pdfs/DR--16132429.pdf","Ask a question about a table in the document.","A good question can use multiple cells, rows, columns, or tables.","Can you convert the minutes column in Table 2 to hours?","What row has the maximum value of the ""Accuracy"" column?","","What value is in the third column, fourth row? (too easy to answer)","","","Who is stand up for students?"
"3YOAVL4CA2T79AKPJQ83YJ6WCFA4Z7","3FWHJCYVLHV1ZV8ST2GPUZCRACHSRJ","Brainstorm a Task for a Document","Given a PDF and a type of task, brainstorm a new task for that document.","document, brainstorming, questions","$0.50","Tue Jun 13 14:05:47 PDT 2023","1","BatchId:5090947;OriginalHitTemplateId:928390860;","1800","259200","Tue Jun 20 14:05:47 PDT 2023","","","3WOKGM4L74SHY2MBOIFMU246UDL0OF","A2SWQM5X54P1O5","Approved","Tue Jun 13 14:06:07 PDT 2023","Tue Jun 13 14:17:22 PDT 2023","Fri Jun 16 14:17:22 PDT 2023","Tue Jun 13 14:37:47 PDT 2023","","","675","100% (5/5)","100% (5/5)","100% (5/5)","https://docinstructpdfs.s3.amazonaws.com/valid_pdfs/DR--16132429.pdf","Ask a question about the structure of the document.","A good question references parts of the document by name, number, or page, and asks about content in those parts.","What is the main takeaway from section 5?","What counterexamples are provided in paragraph 3, section #1?","","How many sections are there in the document? (too easy to answer)","What is the title of the document? (too easy to answer)","","On page 7, under Daily Sudoku section, will the solved puzzle be published in the next print of this publication?"
"3OLZC0DJ8LRK8XEU3IL47E3JTM4VIC","3FWHJCYVLHV1ZV8ST2GPUZCRACHSRJ","Brainstorm a Task for a Document","Given a PDF and a type of task, brainstorm a new task for that document.","document, brainstorming, questions","$0.50","Tue Jun 13 14:05:47 PDT 2023","1","BatchId:5090947;OriginalHitTemplateId:928390860;","1800","259200","Tue Jun 20 14:05:47 PDT 2023","","","3WJEQKOXABES3NDSAIE47C3BASEA1S","A1GGOZPHYU0OC0","Approved","Tue Jun 13 18:35:27 PDT 2023","Tue Jun 13 18:40:43 PDT 2023","Fri Jun 16 18:40:43 PDT 2023","Wed Jun 14 08:12:12 PDT 2023","","","316","100% (72/72)","100% (63/63)","100% (63/63)","https://docinstructpdfs.s3.amazonaws.com/valid_pdfs/DR--16132429.pdf","Ask for a summary of parts of the document or the full document.","A good summarization task specifies the content to summarize and summary type (e.g., length, style)","Can you provide a concise summary of section 2?","Write a detailed summary about the main takeaways of the paper.","","What is a summary of the document? (does not specify summary length)","","","Can you summarize the story on Hattie McDaniel as if I were 5 years old?"
"386T3MLZLP7BQQ11RZLO9WJFWUN80Q","3FWHJCYVLHV1ZV8ST2GPUZCRACHSRJ","Brainstorm a Task for a Document","Given a PDF and a type of task, brainstorm a new task for that document.","document, brainstorming, questions","$0.50","Tue Jun 13 14:05:47 PDT 2023","1","BatchId:5090947;OriginalHitTemplateId:928390860;","1800","259200","Tue Jun 20 14:05:47 PDT 2023","","","33FBRBDW6RBY72UBTHJASHG7OYHC8M","A2SWQM5X54P1O5","Approved","Tue Jun 13 14:44:32 PDT 2023","Tue Jun 13 14:57:04 PDT 2023","Fri Jun 16 14:57:04 PDT 2023","Wed Jun 14 08:12:13 PDT 2023","","","752","100% (5/5)","100% (5/5)","100% (5/5)","https://docinstructpdfs.s3.amazonaws.com/valid_pdfs/DR--16132429.pdf","Ask for specific content to be extracted from the document.","A good extraction task asks to find content that's answerable with one or more highlights in the document.","Find all the councilmembers mentioned in this document.","What are the three central claims of the author?","What are the main findings?","""How many times does the author mention the title character?"" (not relevant question)","Write a short summary. (does not specify summary content)","","Can you list down events that are happening on campus on April in bullet form."
"3ZC62PVYDJM92H8K2JMNY9NJXAGXXH","3FWHJCYVLHV1ZV8ST2GPUZCRACHSRJ","Brainstorm a Task for a Document","Given a PDF and a type of task, brainstorm a new task for that document.","document, brainstorming, questions","$0.50","Tue Jun 13 14:05:47 PDT 2023","1","BatchId:5090947;OriginalHitTemplateId:928390860;","1800","259200","Tue Jun 20 14:05:47 PDT 2023","","","3RXPCZQMQSNTDEQVWI6E3YEE8NRG1A","A1GGOZPHYU0OC0","Approved","Tue Jun 13 18:43:13 PDT 2023","Tue Jun 13 18:48:43 PDT 2023","Fri Jun 16 18:48:43 PDT 2023","Wed Jun 14 08:12:13 PDT 2023","","","330","100% (72/72)","100% (63/63)","100% (63/63)","https://docinstructpdfs.s3.amazonaws.com/valid_pdfs/DR--16132429.pdf","Ask for a rewrite of some text in the document.","Copy some text from the document and ask for it to be rewritten in a certain way,or with a certain style.
 
A good task contains the text to be rewritten, and a description of how it should be rewritten.","Can you rewrite this in more modern language: ""The thousand injuries of Fortunato I had borne as best I could. But when he ventured upon insult, I vowed revenge.""","Can you simplify this: ""In mice, immunoregulatory APCs express the dendritic  cell (DC) marker CD11c, and one or more distinctive  markers (CD8, B220, DX5).""","","Remove all typos. (too broad, does not refer to specific text)","","","Can you rewrite this LBJ quote in the style of George Washington instead: ""The vote is the most powerful instrument ever devised by man for breaking down injustice and destroying the terrible walls which imprison men."""
"3BFNCI9LYM2374VF0HB1XULROM137T","3FWHJCYVLHV1ZV8ST2GPUZCRACHSRJ","Brainstorm a Task for a Document","Given a PDF and a type of task, brainstorm a new task for that document.","document, brainstorming, questions","$0.50","Tue Jun 13 14:05:47 PDT 2023","1","BatchId:5090947;OriginalHitTemplateId:928390860;","1800","259200","Tue Jun 20 14:05:47 PDT 2023","","","373ERPL3YRKLBOBIECK088BG2FSTRR","A1GGOZPHYU0OC0","Approved","Tue Jun 13 18:33:06 PDT 2023","Tue Jun 13 18:34:34 PDT 2023","Fri Jun 16 18:34:34 PDT 2023","Wed Jun 14 08:12:13 PDT 2023","","","88","100% (72/72)","100% (63/63)","100% (63/63)","https://docinstructpdfs.s3.amazonaws.com/valid_pdfs/DR--16132429.pdf","Ask a question that can’t be answered with just the document.","A good question is related to the document, but the answer isn't found in the document.","What other books were written by the novelist author?","Besides the theory discussed in this document, what other scientific theories explain the given phenomena?","Can you explain the term ""mitochondria""?","Questions that are unrelated to the document's content","","","When was Hattie McDaniel born?"
"3FK4G712NZCTAJ0MEZAD0TPZ3GCSSW","3FWHJCYVLHV1ZV8ST2GPUZCRACHSRJ","Brainstorm a Task for a Document","Given a PDF and a type of task, brainstorm a new task for that document.","document, brainstorming, questions","$0.50","Tue Jun 13 14:05:47 PDT 2023","1","BatchId:5090947;OriginalHitTemplateId:928390860;","1800","259200","Tue Jun 20 14:05:47 PDT 2023","","","3XXU1SWE8P7SWYSAEZA4T7K1508A0P","A1NF6PELRKACS9","Approved","Tue Jun 13 18:35:23 PDT 2023","Tue Jun 13 18:54:59 PDT 2023","Fri Jun 16 18:54:59 PDT 2023","Wed Jun 14 08:12:13 PDT 2023","","","1176","100% (3835/3836)","100% (49/49)","100% (49/49)","https://docinstructpdfs.s3.amazonaws.com/valid_pdfs/DR--16132429.pdf","Ask a question that needs multiple parts of the document to answer.","A good question references sections or pages across different pages or different page numbers.","Do the results in the conclusions support the claims in the abstract?","","","Any task that is answerable in one place in the document, or not answerable at all.","","","Name all the politicians mentioned in the doument."
"3P7RGTLO6GPRM41KSQFKO74J0GTAK2","3FWHJCYVLHV1ZV8ST2GPUZCRACHSRJ","Brainstorm a Task for a Document","Given a PDF and a type of task, brainstorm a new task for that document.","document, brainstorming, questions","$0.50","Tue Jun 13 14:05:47 PDT 2023","1","BatchId:5090947;OriginalHitTemplateId:928390860;","1800","259200","Tue Jun 20 14:05:47 PDT 2023","","","3S96KQ6I9PGRAESDWBPG3JUCNE2DT6","A1NF6PELRKACS9","Approved","Tue Jun 13 18:33:32 PDT 2023","Tue Jun 13 18:53:51 PDT 2023","Fri Jun 16 18:53:51 PDT 2023","Wed Jun 14 08:12:13 PDT 2023","","","1219","100% (3835/3836)","100% (49/49)","100% (49/49)","https://docinstructpdfs.s3.amazonaws.com/valid_pdfs/DR--16132429.pdf","Ask about the type of the document.","A good question asks whether a document falls into one or more categories, which are relevant to the document.","Is this document a scientific article?","Is this document about a residential lease or a commercial lease?","","What is this document? (too broad/general)","","","What sports related articles are mentioned in the document?"
"3HUR21WDDW1Y2MYU7F8PHNUSZGAXYN","3FWHJCYVLHV1ZV8ST2GPUZCRACHSRJ","Brainstorm a Task for a Document","Given a PDF and a type of task, brainstorm a new task for that document.","document, brainstorming, questions","$0.50","Tue Jun 13 14:05:47 PDT 2023","1","BatchId:5090947;OriginalHitTemplateId:928390860;","1800","259200","Tue Jun 20 14:05:47 PDT 2023","","","3R5F3LQFV5WE0NS1SCSE017SCOVOZU","A1GGOZPHYU0OC0","Approved","Tue Jun 13 18:35:45 PDT 2023","Tue Jun 13 18:41:29 PDT 2023","Fri Jun 16 18:41:29 PDT 2023","Wed Jun 14 08:12:13 PDT 2023","","","344","100% (72/72)","100% (63/63)","100% (63/63)","https://docinstructpdfs.s3.amazonaws.com/valid_pdfs/DR--16132429.pdf","Ask a question that is not answerable with the document.","A good question might:(a) be related to the document
(b) refer to non-existent tables, figures, or sections
(c) not have enough information to answer it
(d) not be related to the document at all","","","","","","","When did Katie Chandler become the legal guardian of her sister?"
"3BFF0DJK8ZOUPJD13ZF3AYLL5ZQSTL","3FWHJCYVLHV1ZV8ST2GPUZCRACHSRJ","Brainstorm a Task for a Document","Given a PDF and a type of task, brainstorm a new task for that document.","document, brainstorming, questions","$0.50","Tue Jun 13 14:05:47 PDT 2023","1","BatchId:5090947;OriginalHitTemplateId:928390860;","1800","259200","Tue Jun 20 14:05:47 PDT 2023","","","3A4TN5196NUR0DV4WLDG5U96RJDHCG","A3JN18TC8GL3IH","Approved","Tue Jun 13 16:41:58 PDT 2023","Tue Jun 13 16:44:51 PDT 2023","Fri Jun 16 16:44:51 PDT 2023","Wed Jun 14 08:12:13 PDT 2023","","","173","100% (1560/1560)","100% (1/1)","100% (1/1)","https://docinstructpdfs.s3.amazonaws.com/valid_pdfs/DR--350292806.pdf","Ask a question about a figure in the document.","A good question refers to a figure number or page in the document.","What is the main takeaway of Figure 4?","What is the largest value in Figure 4?","What kind of graph is used on page 5?","What is the main takeaway of the second graph? (missing reference to page or figure number)","","","How many schools have Drinking Water, Boys Toilet and Girls Toilet in the belgaum chikkodi district as on 31/03/2012?"
"3RZS0FBRWMMGQAVYPWGJQJG6UTKCP7","3FWHJCYVLHV1ZV8ST2GPUZCRACHSRJ","Brainstorm a Task for a Document","Given a PDF and a type of task, brainstorm a new task for that document.","document, brainstorming, questions","$0.50","Tue Jun 13 14:05:47 PDT 2023","1","BatchId:5090947;OriginalHitTemplateId:928390860;","1800","259200","Tue Jun 20 14:05:47 PDT 2023","","","3S0TNUHWKWU8CU0PTDELCNYP91GD8G","A1GGOZPHYU0OC0","Approved","Tue Jun 13 18:29:25 PDT 2023","Tue Jun 13 18:31:31 PDT 2023","Fri Jun 16 18:31:31 PDT 2023","Wed Jun 14 08:12:13 PDT 2023","","","126","100% (72/72)","100% (63/63)","100% (63/63)","https://docinstructpdfs.s3.amazonaws.com/valid_pdfs/DR--350292806.pdf","Ask a question about the document.","A good question can be fully answered by the information in the document and is not self-evident (not able to be verified with a quick scan).","Is 2pm on Wednesday free?","What evidence is used to support the author's conclusion in section #8?","","What is the title of subsection #4? (too easy to answer)","","","Is there drinking water at Tanvashi High School?"
"37SDSEDINBEBXFMJNIPON12P1MT81T","3FWHJCYVLHV1ZV8ST2GPUZCRACHSRJ","Brainstorm a Task for a Document","Given a PDF and a type of task, brainstorm a new task for that document.","document, brainstorming, questions","$0.50","Tue Jun 13 14:05:47 PDT 2023","1","BatchId:5090947;OriginalHitTemplateId:928390860;","1800","259200","Tue Jun 20 14:05:47 PDT 2023","","","3DL65MZB8GRFG3426K5AKRCTZ43ECH","A1GGOZPHYU0OC0","Approved","Tue Jun 13 18:34:34 PDT 2023","Tue Jun 13 18:39:35 PDT 2023","Fri Jun 16 18:39:35 PDT 2023","Wed Jun 14 08:12:14 PDT 2023","","","301","100% (72/72)","100% (63/63)","100% (63/63)","https://docinstructpdfs.s3.amazonaws.com/valid_pdfs/DR--350292806.pdf","Ask a question about a table in the document.","A good question can use multiple cells, rows, columns, or tables.","Can you convert the minutes column in Table 2 to hours?","What row has the maximum value of the ""Accuracy"" column?","","What value is in the third column, fourth row? (too easy to answer)","","","Can you re-sort the list by School Code but in descending not ascending order?"
"3D1UCPY6GIL77I0YAM37BUHMZ6738G","3FWHJCYVLHV1ZV8ST2GPUZCRACHSRJ","Brainstorm a Task for a Document","Given a PDF and a type of task, brainstorm a new task for that document.","document, brainstorming, questions","$0.50","Tue Jun 13 14:05:47 PDT 2023","1","BatchId:5090947;OriginalHitTemplateId:928390860;","1800","259200","Tue Jun 20 14:05:47 PDT 2023","","","3634BBTX0R6YZKQYT5L2DCVOOA1IF4","A1GGOZPHYU0OC0","Approved","Tue Jun 13 18:29:26 PDT 2023","Tue Jun 13 18:32:04 PDT 2023","Fri Jun 16 18:32:04 PDT 2023","Wed Jun 14 08:12:14 PDT 2023","","","158","100% (72/72)","100% (63/63)","100% (63/63)","https://docinstructpdfs.s3.amazonaws.com/valid_pdfs/DR--350292806.pdf","Ask a question about the structure of the document.","A good question references parts of the document by name, number, or page, and asks about content in those parts.","What is the main takeaway from section 5?","What counterexamples are provided in paragraph 3, section #1?","","How many sections are there in the document? (too easy to answer)","What is the title of the document? (too easy to answer)","","What does row 31 on page 2 show about the school?"
"386T3MLZLP7BQQ11RZLO9WJFWUN08I","3FWHJCYVLHV1ZV8ST2GPUZCRACHSRJ","Brainstorm a Task for a Document","Given a PDF and a type of task, brainstorm a new task for that document.","document, brainstorming, questions","$0.50","Tue Jun 13 14:05:47 PDT 2023","1","BatchId:5090947;OriginalHitTemplateId:928390860;","1800","259200","Tue Jun 20 14:05:47 PDT 2023","","","39OWYR0EPN3KPK53XN75Z0PCET0FY8","A1GGOZPHYU0OC0","Approved","Tue Jun 13 18:42:47 PDT 2023","Tue Jun 13 18:47:08 PDT 2023","Fri Jun 16 18:47:08 PDT 2023","Wed Jun 14 08:12:14 PDT 2023","","","261","100% (72/72)","100% (63/63)","100% (63/63)","https://docinstructpdfs.s3.amazonaws.com/valid_pdfs/DR--350292806.pdf","Ask for a summary of parts of the document or the full document.","A good summarization task specifies the content to summarize and summary type (e.g., length, style)","Can you provide a concise summary of section 2?","Write a detailed summary about the main takeaways of the paper.","","What is a summary of the document? (does not specify summary length)","","","Can you summarize in plain English what schools offer drinking water from the 2nd page table?"
"3ZFRE2BDQBQY7C8Z31A8VU3U5AEXZE","3FWHJCYVLHV1ZV8ST2GPUZCRACHSRJ","Brainstorm a Task for a Document","Given a PDF and a type of task, brainstorm a new task for that document.","document, brainstorming, questions","$0.50","Tue Jun 13 14:05:47 PDT 2023","1","BatchId:5090947;OriginalHitTemplateId:928390860;","1800","259200","Tue Jun 20 14:05:47 PDT 2023","","","3LRLIPTPETLU9OZEISKMCRZAJYDAKU","A1GGOZPHYU0OC0","Approved","Tue Jun 13 18:29:19 PDT 2023","Tue Jun 13 18:30:23 PDT 2023","Fri Jun 16 18:30:23 PDT 2023","Wed Jun 14 08:12:14 PDT 2023","","","64","100% (72/72)","100% (63/63)","100% (63/63)","https://docinstructpdfs.s3.amazonaws.com/valid_pdfs/DR--350292806.pdf","Ask for specific content to be extracted from the document.","A good extraction task asks to find content that's answerable with one or more highlights in the document.","Find all the councilmembers mentioned in this document.","What are the three central claims of the author?","What are the main findings?","""How many times does the author mention the title character?"" (not relevant question)","Write a short summary. (does not specify summary content)","","Find all school names mentioned in this document."
"3VZYA8PITQAS38IZT1ELXC9OU4M50L","3FWHJCYVLHV1ZV8ST2GPUZCRACHSRJ","Brainstorm a Task for a Document","Given a PDF and a type of task, brainstorm a new task for that document.","document, brainstorming, questions","$0.50","Tue Jun 13 14:05:47 PDT 2023","1","BatchId:5090947;OriginalHitTemplateId:928390860;","1800","259200","Tue Jun 20 14:05:47 PDT 2023","","","3IXEICO795VSP5DYMOH2XDKK6SF6T7","A1NF6PELRKACS9","Approved","Tue Jun 13 18:33:33 PDT 2023","Tue Jun 13 18:48:15 PDT 2023","Fri Jun 16 18:48:15 PDT 2023","Wed Jun 14 08:12:14 PDT 2023","","","882","100% (3835/3836)","100% (49/49)","100% (49/49)","https://docinstructpdfs.s3.amazonaws.com/valid_pdfs/DR--350292806.pdf","Ask for a rewrite of some text in the document.","Copy some text from the document and ask for it to be rewritten in a certain way,or with a certain style.
 
A good task contains the text to be rewritten, and a description of how it should be rewritten.","Can you rewrite this in more modern language: ""The thousand injuries of Fortunato I had borne as best I could. But when he ventured upon insult, I vowed revenge.""","Can you simplify this: ""In mice, immunoregulatory APCs express the dendritic  cell (DC) marker CD11c, and one or more distinctive  markers (CD8, B220, DX5).""","","Remove all typos. (too broad, does not refer to specific text)","","","List only the school names in Raibag mentioned in the document."
"3Z8UJEJOC1P7LNJ8FE9LBQCXJCP395","3FWHJCYVLHV1ZV8ST2GPUZCRACHSRJ","Brainstorm a Task for a Document","Given a PDF and a type of task, brainstorm a new task for that document.","document, brainstorming, questions","$0.50","Tue Jun 13 14:05:47 PDT 2023","1","BatchId:5090947;OriginalHitTemplateId:928390860;","1800","259200","Tue Jun 20 14:05:47 PDT 2023","","","3YHH42UU5ER9SHJEBQZU2L0CZC7L0I","A1GGOZPHYU0OC0","Approved","Tue Jun 13 18:42:11 PDT 2023","Tue Jun 13 18:46:33 PDT 2023","Fri Jun 16 18:46:33 PDT 2023","Wed Jun 14 08:12:14 PDT 2023","","","262","100% (72/72)","100% (63/63)","100% (63/63)","https://docinstructpdfs.s3.amazonaws.com/valid_pdfs/DR--350292806.pdf","Ask a question that can’t be answered with just the document.","A good question is related to the document, but the answer isn't found in the document.","What other books were written by the novelist author?","Besides the theory discussed in this document, what other scientific theories explain the given phenomena?","Can you explain the term ""mitochondria""?","Questions that are unrelated to the document's content","","","Are there urinals in the boys toilet at Shegunashi?"
"3XDSWAMB2441QMWDP9V8QO6GZP6CQY","3FWHJCYVLHV1ZV8ST2GPUZCRACHSRJ","Brainstorm a Task for a Document","Given a PDF and a type of task, brainstorm a new task for that document.","document, brainstorming, questions","$0.50","Tue Jun 13 14:05:47 PDT 2023","1","BatchId:5090947;OriginalHitTemplateId:928390860;","1800","259200","Tue Jun 20 14:05:47 PDT 2023","","","3IHR8NYAMADGIQGDMJF3V5Z9LVY4PJ","A1MJVTR0PCKBWW","Approved","Tue Jun 13 14:16:30 PDT 2023","Tue Jun 13 14:17:48 PDT 2023","Fri Jun 16 14:17:48 PDT 2023","Tue Jun 13 14:37:46 PDT 2023","","","78","100% (700/700)","100% (22/22)","100% (22/22)","https://docinstructpdfs.s3.amazonaws.com/valid_pdfs/DR--350292806.pdf","Ask a question that needs multiple parts of the document to answer.","A good question references sections or pages across different pages or different page numbers.","Do the results in the conclusions support the claims in the abstract?","","","Any task that is answerable in one place in the document, or not answerable at all.","","","Does the school at school code 2930100380 have drinking water?"
"36818Z1KV5PLQ6TD7KNL7LNHPU73AK","3FWHJCYVLHV1ZV8ST2GPUZCRACHSRJ","Brainstorm a Task for a Document","Given a PDF and a type of task, brainstorm a new task for that document.","document, brainstorming, questions","$0.50","Tue Jun 13 14:05:47 PDT 2023","1","BatchId:5090947;OriginalHitTemplateId:928390860;","1800","259200","Tue Jun 20 14:05:47 PDT 2023","","","392CY0QWG43O14T99OPJM8YXZKT4I3","A1NF6PELRKACS9","Approved","Tue Jun 13 18:33:33 PDT 2023","Tue Jun 13 18:54:36 PDT 2023","Fri Jun 16 18:54:36 PDT 2023","Wed Jun 14 08:12:14 PDT 2023","","","1263","100% (3835/3836)","100% (49/49)","100% (49/49)","https://docinstructpdfs.s3.amazonaws.com/valid_pdfs/DR--350292806.pdf","Ask about the type of the document.","A good question asks whether a document falls into one or more categories, which are relevant to the document.","Is this document a scientific article?","Is this document about a residential lease or a commercial lease?","","What is this document? (too broad/general)","","","Is this document a statistics article?"
"3OZ4VAIBEZRG38Y0L064JFIJ61TVJO","3FWHJCYVLHV1ZV8ST2GPUZCRACHSRJ","Brainstorm a Task for a Document","Given a PDF and a type of task, brainstorm a new task for that document.","document, brainstorming, questions","$0.50","Tue Jun 13 14:05:47 PDT 2023","1","BatchId:5090947;OriginalHitTemplateId:928390860;","1800","259200","Tue Jun 20 14:05:47 PDT 2023","","","3JMSRU9HQL6BFCA2X10FAJ0IKBJEVG","A1GGOZPHYU0OC0","Approved","Tue Jun 13 18:36:13 PDT 2023","Tue Jun 13 18:41:49 PDT 2023","Fri Jun 16 18:41:49 PDT 2023","Wed Jun 14 08:12:15 PDT 2023","","","336","100% (72/72)","100% (63/63)","100% (63/63)","https://docinstructpdfs.s3.amazonaws.com/valid_pdfs/DR--350292806.pdf","Ask a question that is not answerable with the document.","A good question might:(a) be related to the document
(b) refer to non-existent tables, figures, or sections
(c) not have enough information to answer it
(d) not be related to the document at all","","","","","","","Is the drinking water at Shivnur school filtered?"
"3UDTAB6HH8BB4VKBWRR29SEQG05097","3FWHJCYVLHV1ZV8ST2GPUZCRACHSRJ","Brainstorm a Task for a Document","Given a PDF and a type of task, brainstorm a new task for that document.","document, brainstorming, questions","$0.50","Tue Jun 13 14:05:47 PDT 2023","1","BatchId:5090947;OriginalHitTemplateId:928390860;","1800","259200","Tue Jun 20 14:05:47 PDT 2023","","","3TE22NPXPEOUTXUUOZNFS7OEU2S44O","A1GGOZPHYU0OC0","Approved","Tue Jun 13 18:33:06 PDT 2023","Tue Jun 13 18:35:09 PDT 2023","Fri Jun 16 18:35:09 PDT 2023","Wed Jun 14 08:12:15 PDT 2023","","","123","100% (72/72)","100% (63/63)","100% (63/63)","https://docinstructpdfs.s3.amazonaws.com/valid_pdfs/DR--26390575.pdf","Ask a question about a figure in the document.","A good question refers to a figure number or page in the document.","What is the main takeaway of Figure 4?","What is the largest value in Figure 4?","What kind of graph is used on page 5?","What is the main takeaway of the second graph? (missing reference to page or figure number)","","","What does Figure A in the left column of page 4 show?"
"324N5FAHSZNBES4I3L6GKUIWLQTVKN","3FWHJCYVLHV1ZV8ST2GPUZCRACHSRJ","Brainstorm a Task for a Document","Given a PDF and a type of task, brainstorm a new task for that document.","document, brainstorming, questions","$0.50","Tue Jun 13 14:05:47 PDT 2023","1","BatchId:5090947;OriginalHitTemplateId:928390860;","1800","259200","Tue Jun 20 14:05:47 PDT 2023","","","3WI0P0II644EUZFLSMKL34TUZPEDRU","AE861G0AY5RGT","Approved","Tue Jun 13 14:10:27 PDT 2023","Tue Jun 13 14:24:30 PDT 2023","Fri Jun 16 14:24:30 PDT 2023","Tue Jun 13 14:37:45 PDT 2023","","","843","100% (4/4)","100% (4/4)","100% (4/4)","https://docinstructpdfs.s3.amazonaws.com/valid_pdfs/DR--26390575.pdf","Ask a question about the document.","A good question can be fully answered by the information in the document and is not self-evident (not able to be verified with a quick scan).","Is 2pm on Wednesday free?","What evidence is used to support the author's conclusion in section #8?","","What is the title of subsection #4? (too easy to answer)","","","How many different species of Yersinia are there in existence?"
"31D0ZWOD0CBP9EUGOX525NPAMIN0AM","3FWHJCYVLHV1ZV8ST2GPUZCRACHSRJ","Brainstorm a Task for a Document","Given a PDF and a type of task, brainstorm a new task for that document.","document, brainstorming, questions","$0.50","Tue Jun 13 14:05:47 PDT 2023","1","BatchId:5090947;OriginalHitTemplateId:928390860;","1800","259200","Tue Jun 20 14:05:47 PDT 2023","","","39ASUFLU60J3J1FXXG1XY4X30J3EXP","A2SWQM5X54P1O5","Approved","Tue Jun 13 14:44:31 PDT 2023","Tue Jun 13 14:56:00 PDT 2023","Fri Jun 16 14:56:00 PDT 2023","Wed Jun 14 08:12:15 PDT 2023","","","689","100% (5/5)","100% (5/5)","100% (5/5)","https://docinstructpdfs.s3.amazonaws.com/valid_pdfs/DR--26390575.pdf","Ask a question about a table in the document.","A good question can use multiple cells, rows, columns, or tables.","Can you convert the minutes column in Table 2 to hours?","What row has the maximum value of the ""Accuracy"" column?","","What value is in the third column, fourth row? (too easy to answer)","","","Please convert the bar graph table on page 8 to a line graph."
"3BDORL6HKMP12NBD2OK8VEGLVB8CRZ","3FWHJCYVLHV1ZV8ST2GPUZCRACHSRJ","Brainstorm a Task for a Document","Given a PDF and a type of task, brainstorm a new task for that document.","document, brainstorming, questions","$0.50","Tue Jun 13 14:05:47 PDT 2023","1","BatchId:5090947;OriginalHitTemplateId:928390860;","1800","259200","Tue Jun 20 14:05:47 PDT 2023","","","3M81GAB8A3VL31211B4F3OVP0MRBQJ","A1GGOZPHYU0OC0","Approved","Tue Jun 13 18:35:10 PDT 2023","Tue Jun 13 18:40:20 PDT 2023","Fri Jun 16 18:40:20 PDT 2023","Wed Jun 14 08:12:15 PDT 2023","","","310","100% (72/72)","100% (63/63)","100% (63/63)","https://docinstructpdfs.s3.amazonaws.com/valid_pdfs/DR--26390575.pdf","Ask a question about the structure of the document.","A good question references parts of the document by name, number, or page, and asks about content in those parts.","What is the main takeaway from section 5?","What counterexamples are provided in paragraph 3, section #1?","","How many sections are there in the document? (too easy to answer)","What is the title of the document? (too easy to answer)","","What is the main takeaway from the discussion section on page 5?"
"37NXA7GVSVIMYYM0OLIHZUVBAQYVLQ","3FWHJCYVLHV1ZV8ST2GPUZCRACHSRJ","Brainstorm a Task for a Document","Given a PDF and a type of task, brainstorm a new task for that document.","document, brainstorming, questions","$0.50","Tue Jun 13 14:05:48 PDT 2023","2","BatchId:5090947;OriginalHitTemplateId:928390860;","1800","259200","Tue Jun 20 14:05:48 PDT 2023","","","3OF2M9AATJ0VAW7MUK0LTKQJSJLKZ6","A1GGOZPHYU0OC0","Approved","Tue Jun 13 18:40:43 PDT 2023","Tue Jun 13 18:45:08 PDT 2023","Fri Jun 16 18:45:08 PDT 2023","Wed Jun 14 08:12:15 PDT 2023","","","265","100% (72/72)","100% (63/63)","100% (63/63)","https://docinstructpdfs.s3.amazonaws.com/valid_pdfs/DR--26390575.pdf","Ask for a summary of parts of the document or the full document.","A good summarization task specifies the content to summarize and summary type (e.g., length, style)","Can you provide a concise summary of section 2?","Write a detailed summary about the main takeaways of the paper.","","What is a summary of the document? (does not specify summary length)","","","Can you summarize like a university professor what the graphs on page 3 mean?"
"37NXA7GVSVIMYYM0OLIHZUVBAQYVLQ","3FWHJCYVLHV1ZV8ST2GPUZCRACHSRJ","Brainstorm a Task for a Document","Given a PDF and a type of task, brainstorm a new task for that document.","document, brainstorming, questions","$0.50","Tue Jun 13 14:05:48 PDT 2023","2","BatchId:5090947;OriginalHitTemplateId:928390860;","1800","259200","Tue Jun 20 14:05:48 PDT 2023","","","3QHK8ZVMIPUAC4MO96WJM2WVQCDBLV","AORHXBTOCXFUK","Rejected","Tue Jun 13 14:11:35 PDT 2023","Tue Jun 13 14:16:20 PDT 2023","Fri Jun 16 14:16:20 PDT 2023","","Tue Jun 13 14:17:41 PDT 2023","They are copy/pasting text directly from the documents, rather than following the task instructions (explicitly disallowed).","285","65% (13/20)","13% (1/8)","13% (1/8)","https://docinstructpdfs.s3.amazonaws.com/valid_pdfs/DR--26390575.pdf","Ask for a summary of parts of the document or the full document.","A good summarization task specifies the content to summarize and summary type (e.g., length, style)","Can you provide a concise summary of section 2?","Write a detailed summary about the main takeaways of the paper.","","What is a summary of the document? (does not specify summary length)","","","Ultrastructural and Biochemical Analyses of the Bacterium–Erythrocyte Interaction?"
"31KPKEKW4CPUSOZ8UB5Y0Y9G4080BH","3FWHJCYVLHV1ZV8ST2GPUZCRACHSRJ","Brainstorm a Task for a Document","Given a PDF and a type of task, brainstorm a new task for that document.","document, brainstorming, questions","$0.50","Tue Jun 13 14:05:48 PDT 2023","1","BatchId:5090947;OriginalHitTemplateId:928390860;","1800","259200","Tue Jun 20 14:05:48 PDT 2023","","","3N4BPTXIOB4EOXDCOX1DCSB4QXEUKR","A2SWQM5X54P1O5","Approved","Tue Jun 13 14:06:08 PDT 2023","Tue Jun 13 14:18:50 PDT 2023","Fri Jun 16 14:18:50 PDT 2023","Tue Jun 13 14:37:45 PDT 2023","","","762","100% (5/5)","100% (5/5)","100% (5/5)","https://docinstructpdfs.s3.amazonaws.com/valid_pdfs/DR--26390575.pdf","Ask for specific content to be extracted from the document.","A good extraction task asks to find content that's answerable with one or more highlights in the document.","Find all the councilmembers mentioned in this document.","What are the three central claims of the author?","What are the main findings?","""How many times does the author mention the title character?"" (not relevant question)","Write a short summary. (does not specify summary content)","","Compile all pictures and graphs found in this document."
"36FQTHX3Z53Q9GY5DYNH2W7N7CS3BF","3FWHJCYVLHV1ZV8ST2GPUZCRACHSRJ","Brainstorm a Task for a Document","Given a PDF and a type of task, brainstorm a new task for that document.","document, brainstorming, questions","$0.50","Tue Jun 13 14:05:48 PDT 2023","1","BatchId:5090947;OriginalHitTemplateId:928390860;","1800","259200","Tue Jun 20 14:05:48 PDT 2023","","","3CP1TO84PWD2M2J7YQN14KXUAKR25V","A1GGOZPHYU0OC0","Approved","Tue Jun 13 18:34:11 PDT 2023","Tue Jun 13 18:38:47 PDT 2023","Fri Jun 16 18:38:47 PDT 2023","Wed Jun 14 08:12:15 PDT 2023","","","276","100% (72/72)","100% (63/63)","100% (63/63)","https://docinstructpdfs.s3.amazonaws.com/valid_pdfs/DR--26390575.pdf","Ask for a rewrite of some text in the document.","Copy some text from the document and ask for it to be rewritten in a certain way,or with a certain style.
 
A good task contains the text to be rewritten, and a description of how it should be rewritten.","Can you rewrite this in more modern language: ""The thousand injuries of Fortunato I had borne as best I could. But when he ventured upon insult, I vowed revenge.""","Can you simplify this: ""In mice, immunoregulatory APCs express the dendritic  cell (DC) marker CD11c, and one or more distinctive  markers (CD8, B220, DX5).""","","Remove all typos. (too broad, does not refer to specific text)","","","Can you rewrite this in the style of Shakespeare: ""In this study we show that Y. enterocolitica, like S. typhimurium and S. flexneri, assembles many needle-like surface structures during protein secretion."""
"3D4BBDG7ZJ89JLQBRYJCDGD5PXS3CM","3FWHJCYVLHV1ZV8ST2GPUZCRACHSRJ","Brainstorm a Task for a Document","Given a PDF and a type of task, brainstorm a new task for that document.","document, brainstorming, questions","$0.50","Tue Jun 13 14:05:48 PDT 2023","1","BatchId:5090947;OriginalHitTemplateId:928390860;","1800","259200","Tue Jun 20 14:05:48 PDT 2023","","","32Z9ZLUT1OWS92S7MQM70U3NGVOOH8","A1MJVTR0PCKBWW","Approved","Tue Jun 13 14:20:01 PDT 2023","Tue Jun 13 14:20:53 PDT 2023","Fri Jun 16 14:20:53 PDT 2023","Tue Jun 13 14:37:45 PDT 2023","","","52","100% (700/700)","100% (22/22)","100% (22/22)","https://docinstructpdfs.s3.amazonaws.com/valid_pdfs/DR--26390575.pdf","Ask a question that can’t be answered with just the document.","A good question is related to the document, but the answer isn't found in the document.","What other books were written by the novelist author?","Besides the theory discussed in this document, what other scientific theories explain the given phenomena?","Can you explain the term ""mitochondria""?","Questions that are unrelated to the document's content","","","For hydrophobicity assays, needles preparations were overlaid with how much n-hexadecane?"
"32PT7WK7DORJODWPRUENXMVNAX43DM","3FWHJCYVLHV1ZV8ST2GPUZCRACHSRJ","Brainstorm a Task for a Document","Given a PDF and a type of task, brainstorm a new task for that document.","document, brainstorming, questions","$0.50","Tue Jun 13 14:05:48 PDT 2023","1","BatchId:5090947;OriginalHitTemplateId:928390860;","1800","259200","Tue Jun 20 14:05:48 PDT 2023","","","3HPZF4IVNP5DM8LT6LH4RU49HG8CYU","A1GGOZPHYU0OC0","Approved","Tue Jun 13 18:38:11 PDT 2023","Tue Jun 13 18:49:26 PDT 2023","Fri Jun 16 18:49:26 PDT 2023","Wed Jun 14 08:12:15 PDT 2023","","","675","100% (72/72)","100% (63/63)","100% (63/63)","https://docinstructpdfs.s3.amazonaws.com/valid_pdfs/DR--26390575.pdf","Ask a question that needs multiple parts of the document to answer.","A good question references sections or pages across different pages or different page numbers.","Do the results in the conclusions support the claims in the abstract?","","","Any task that is answerable in one place in the document, or not answerable at all.","","","What figures are used to support the abstract?"
"36QZ6V158BP9PWSQ345DFU7NODXSUC","3FWHJCYVLHV1ZV8ST2GPUZCRACHSRJ","Brainstorm a Task for a Document","Given a PDF and a type of task, brainstorm a new task for that document.","document, brainstorming, questions","$0.50","Tue Jun 13 14:05:48 PDT 2023","1","BatchId:5090947;OriginalHitTemplateId:928390860;","1800","259200","Tue Jun 20 14:05:48 PDT 2023","","","3L70J4KAZJYMVIT4QBYZ8E4KZPHDAL","A1GGOZPHYU0OC0","Approved","Tue Jun 13 18:39:36 PDT 2023","Tue Jun 13 18:44:01 PDT 2023","Fri Jun 16 18:44:01 PDT 2023","Wed Jun 14 08:12:15 PDT 2023","","","265","100% (72/72)","100% (63/63)","100% (63/63)","https://docinstructpdfs.s3.amazonaws.com/valid_pdfs/DR--26390575.pdf","Ask about the type of the document.","A good question asks whether a document falls into one or more categories, which are relevant to the document.","Is this document a scientific article?","Is this document about a residential lease or a commercial lease?","","What is this document? (too broad/general)","","","Is this document a news story?"
"3QX22DUVOQT64G4LOXJWZ7A0AVOVMS","3FWHJCYVLHV1ZV8ST2GPUZCRACHSRJ","Brainstorm a Task for a Document","Given a PDF and a type of task, brainstorm a new task for that document.","document, brainstorming, questions","$0.50","Tue Jun 13 14:05:48 PDT 2023","1","BatchId:5090947;OriginalHitTemplateId:928390860;","1800","259200","Tue Jun 20 14:05:48 PDT 2023","","","39U1BHVTDO3TSMQG3MJ4QA80WYN3T2","A1MJVTR0PCKBWW","Approved","Tue Jun 13 14:18:22 PDT 2023","Tue Jun 13 14:19:30 PDT 2023","Fri Jun 16 14:19:30 PDT 2023","Tue Jun 13 14:37:46 PDT 2023","","","68","100% (700/700)","100% (22/22)","100% (22/22)","https://docinstructpdfs.s3.amazonaws.com/valid_pdfs/DR--26390575.pdf","Ask a question that is not answerable with the document.","A good question might:(a) be related to the document
(b) refer to non-existent tables, figures, or sections
(c) not have enough information to answer it
(d) not be related to the document at all","","","","","","","HeLa cells were grown at what temperature when assays were performed?"
"3MGHRFQY2N1Q5WSJ43JI897HP9PY0T","3FWHJCYVLHV1ZV8ST2GPUZCRACHSRJ","Brainstorm a Task for a Document","Given a PDF and a type of task, brainstorm a new task for that document.","document, brainstorming, questions","$0.50","Tue Jun 13 14:05:48 PDT 2023","1","BatchId:5090947;OriginalHitTemplateId:928390860;","1800","259200","Tue Jun 20 14:05:48 PDT 2023","","","3ITXP059PZV3Y0FQH761WCT3QFKJS0","A1GGOZPHYU0OC0","Approved","Tue Jun 13 18:27:53 PDT 2023","Tue Jun 13 18:29:18 PDT 2023","Fri Jun 16 18:29:18 PDT 2023","Wed Jun 14 08:12:16 PDT 2023","","","85","100% (72/72)","100% (63/63)","100% (63/63)","https://docinstructpdfs.s3.amazonaws.com/valid_pdfs/DR--28888944.pdf","Ask a question about a figure in the document.","A good question refers to a figure number or page in the document.","What is the main takeaway of Figure 4?","What is the largest value in Figure 4?","What kind of graph is used on page 5?","What is the main takeaway of the second graph? (missing reference to page or figure number)","","","N/A - no figure numbers"
"3HA5ODM5KC492BHQ8UFIBG962K6SV1","3FWHJCYVLHV1ZV8ST2GPUZCRACHSRJ","Brainstorm a Task for a Document","Given a PDF and a type of task, brainstorm a new task for that document.","document, brainstorming, questions","$0.50","Tue Jun 13 14:05:48 PDT 2023","2","BatchId:5090947;OriginalHitTemplateId:928390860;","1800","259200","Tue Jun 20 14:05:48 PDT 2023","","","3R6BYFZZPAOVPFFTSRL3GMI3CN6FX2","A1NF6PELRKACS9","Approved","Tue Jun 13 18:42:03 PDT 2023","Tue Jun 13 18:58:34 PDT 2023","Fri Jun 16 18:58:34 PDT 2023","Wed Jun 14 08:12:16 PDT 2023","","","991","100% (3835/3836)","100% (49/49)","100% (49/49)","https://docinstructpdfs.s3.amazonaws.com/valid_pdfs/DR--28888944.pdf","Ask a question about the document.","A good question can be fully answered by the information in the document and is not self-evident (not able to be verified with a quick scan).","Is 2pm on Wednesday free?","What evidence is used to support the author's conclusion in section #8?","","What is the title of subsection #4? (too easy to answer)","","","What addresses are mentioned in the document?"
"3HA5ODM5KC492BHQ8UFIBG962K6SV1","3FWHJCYVLHV1ZV8ST2GPUZCRACHSRJ","Brainstorm a Task for a Document","Given a PDF and a type of task, brainstorm a new task for that document.","document, brainstorming, questions","$0.50","Tue Jun 13 14:05:48 PDT 2023","2","BatchId:5090947;OriginalHitTemplateId:928390860;","1800","259200","Tue Jun 20 14:05:48 PDT 2023","","","3R0T90IZ1VOD0H0TCFVYKUX5CGRGC1","AORHXBTOCXFUK","Rejected","Tue Jun 13 14:11:17 PDT 2023","Tue Jun 13 14:15:20 PDT 2023","Fri Jun 16 14:15:20 PDT 2023","","Tue Jun 13 14:17:41 PDT 2023","They are copy/pasting text directly from the documents, rather than following the task instructions (explicitly disallowed).","243","65% (13/20)","13% (1/8)","13% (1/8)","https://docinstructpdfs.s3.amazonaws.com/valid_pdfs/DR--28888944.pdf","Ask a question about the document.","A good question can be fully answered by the information in the document and is not self-evident (not able to be verified with a quick scan).","Is 2pm on Wednesday free?","What evidence is used to support the author's conclusion in section #8?","","What is the title of subsection #4? (too easy to answer)","","","Got a Safety Question?"
"3B9J25CZ27PD32BQHDKDLOLHHDRCSN","3FWHJCYVLHV1ZV8ST2GPUZCRACHSRJ","Brainstorm a Task for a Document","Given a PDF and a type of task, brainstorm a new task for that document.","document, brainstorming, questions","$0.50","Tue Jun 13 14:05:48 PDT 2023","1","BatchId:5090947;OriginalHitTemplateId:928390860;","1800","259200","Tue Jun 20 14:05:48 PDT 2023","","","3WT783CTPETH90SIWT3KJJ68W7QCBF","A1GGOZPHYU0OC0","Approved","Tue Jun 13 18:36:30 PDT 2023","Tue Jun 13 18:42:10 PDT 2023","Fri Jun 16 18:42:10 PDT 2023","Wed Jun 14 08:12:16 PDT 2023","","","340","100% (72/72)","100% (63/63)","100% (63/63)","https://docinstructpdfs.s3.amazonaws.com/valid_pdfs/DR--28888944.pdf","Ask a question about a table in the document.","A good question can use multiple cells, rows, columns, or tables.","Can you convert the minutes column in Table 2 to hours?","What row has the maximum value of the ""Accuracy"" column?","","What value is in the third column, fourth row? (too easy to answer)","","","N/A - no tables"
"374UMBUHN71EI2O56DP3VTH3JW5CTC","3FWHJCYVLHV1ZV8ST2GPUZCRACHSRJ","Brainstorm a Task for a Document","Given a PDF and a type of task, brainstorm a new task for that document.","document, brainstorming, questions","$0.50","Tue Jun 13 14:05:48 PDT 2023","1","BatchId:5090947;OriginalHitTemplateId:928390860;","1800","259200","Tue Jun 20 14:05:48 PDT 2023","","","352YTHGROYPO59IP367YMWXIZ7E4HA","A1NF6PELRKACS9","Submitted","Tue Jun 13 18:33:31 PDT 2023","Tue Jun 13 18:51:57 PDT 2023","Fri Jun 16 18:51:57 PDT 2023","","","","1106","100% (3835/3836)","100% (49/49)","100% (49/49)","https://docinstructpdfs.s3.amazonaws.com/valid_pdfs/DR--28888944.pdf","Ask a question about the structure of the document.","A good question references parts of the document by name, number, or page, and asks about content in those parts.","What is the main takeaway from section 5?","What counterexamples are provided in paragraph 3, section #1?","","How many sections are there in the document? (too easy to answer)","What is the title of the document? (too easy to answer)","","In a concise paragraph, what is the summary of how to keep cool this summer mentioned in the 2nd page of the document?"
"3N7PQ0KLI71OGJAPNPP734D8A953EF","3FWHJCYVLHV1ZV8ST2GPUZCRACHSRJ","Brainstorm a Task for a Document","Given a PDF and a type of task, brainstorm a new task for that document.","document, brainstorming, questions","$0.50","Tue Jun 13 14:05:48 PDT 2023","1","BatchId:5090947;OriginalHitTemplateId:928390860;","1800","259200","Tue Jun 20 14:05:48 PDT 2023","","","3KB8R4ZV1HJUQC8NYFZ39ARNUVRBGP","AE861G0AY5RGT","Approved","Tue Jun 13 14:10:25 PDT 2023","Tue Jun 13 14:21:29 PDT 2023","Fri Jun 16 14:21:29 PDT 2023","Tue Jun 13 14:37:46 PDT 2023","","","664","100% (4/4)","100% (4/4)","100% (4/4)","https://docinstructpdfs.s3.amazonaws.com/valid_pdfs/DR--28888944.pdf","Ask for a summary of parts of the document or the full document.","A good summarization task specifies the content to summarize and summary type (e.g., length, style)","Can you provide a concise summary of section 2?","Write a detailed summary about the main takeaways of the paper.","","What is a summary of the document? (does not specify summary length)","","","I would like a shorter summary of all of the points provided in how to keep cool in the summer."
"3L21G7IH498QCLD10MNIMEQRU1VY1W","3FWHJCYVLHV1ZV8ST2GPUZCRACHSRJ","Brainstorm a Task for a Document","Given a PDF and a type of task, brainstorm a new task for that document.","document, brainstorming, questions","$0.50","Tue Jun 13 14:05:48 PDT 2023","1","BatchId:5090947;OriginalHitTemplateId:928390860;","1800","259200","Tue Jun 20 14:05:48 PDT 2023","","","3LEP4MGT3JCRESYWWPYV3POQH3BBDF","AE861G0AY5RGT","Approved","Tue Jun 13 14:10:22 PDT 2023","Tue Jun 13 14:18:11 PDT 2023","Fri Jun 16 14:18:11 PDT 2023","Tue Jun 13 14:37:46 PDT 2023","","","469","100% (4/4)","100% (4/4)","100% (4/4)","https://docinstructpdfs.s3.amazonaws.com/valid_pdfs/DR--28888944.pdf","Ask for specific content to be extracted from the document.","A good extraction task asks to find content that's answerable with one or more highlights in the document.","Find all the councilmembers mentioned in this document.","What are the three central claims of the author?","What are the main findings?","""How many times does the author mention the title character?"" (not relevant question)","Write a short summary. (does not specify summary content)","","What should be used, and what is the process for cleaning the coils on air conditioner units?"
"302U8RURJ1DCMYPL0YYWCMZ0FLYVNS","3FWHJCYVLHV1ZV8ST2GPUZCRACHSRJ","Brainstorm a Task for a Document","Given a PDF and a type of task, brainstorm a new task for that document.","document, brainstorming, questions","$0.50","Tue Jun 13 14:05:48 PDT 2023","1","BatchId:5090947;OriginalHitTemplateId:928390860;","1800","259200","Tue Jun 20 14:05:48 PDT 2023","","","3EG49X351XOZ6MMIRYIZMG5QJOKX6Y","A1NF6PELRKACS9","Submitted","Tue Jun 13 17:16:16 PDT 2023","Tue Jun 13 17:27:31 PDT 2023","Fri Jun 16 17:27:31 PDT 2023","","","","675","100% (3835/3836)","100% (49/49)","100% (49/49)","https://docinstructpdfs.s3.amazonaws.com/valid_pdfs/DR--28888944.pdf","Ask for a rewrite of some text in the document.","Copy some text from the document and ask for it to be rewritten in a certain way,or with a certain style.
 
A good task contains the text to be rewritten, and a description of how it should be rewritten.","Can you rewrite this in more modern language: ""The thousand injuries of Fortunato I had borne as best I could. But when he ventured upon insult, I vowed revenge.""","Can you simplify this: ""In mice, immunoregulatory APCs express the dendritic  cell (DC) marker CD11c, and one or more distinctive  markers (CD8, B220, DX5).""","","Remove all typos. (too broad, does not refer to specific text)","","","Rewrite this in less than 50 words: ""Following is a list of the illnesses associated with Heat Stress, and their symptoms: Heat Stroke – Symptoms include hot, dry skin (no sweating), hallucinations, chills, headache, high body temperature, confusion, dizziness, or slurred speech. Heat Stroke is a life threatening condition. Heat Exhaustion – Symptoms include heavy sweating, weakness or fatigue, dizziness, confusion, nausea, clammy, moist skin, pale or flushed complexion, muscle cramps, slightly elevated body temperature, or fast and shallow breathing. Heat Syncope (fainting episode) – Symptoms are light-headiness, dizziness, and/or fainting. """
"389A2A304QUD2TRE8B1TBIFYML80CO","3FWHJCYVLHV1ZV8ST2GPUZCRACHSRJ","Brainstorm a Task for a Document","Given a PDF and a type of task, brainstorm a new task for that document.","document, brainstorming, questions","$0.50","Tue Jun 13 14:05:48 PDT 2023","1","BatchId:5090947;OriginalHitTemplateId:928390860;","1800","259200","Tue Jun 20 14:05:48 PDT 2023","","","3X87C8JFV9NKKNJ3CXQATD5P4ADSQ1","A1GGOZPHYU0OC0","Submitted","Tue Jun 13 18:41:29 PDT 2023","Tue Jun 13 18:45:30 PDT 2023","Fri Jun 16 18:45:30 PDT 2023","","","","241","100% (72/72)","100% (63/63)","100% (63/63)","https://docinstructpdfs.s3.amazonaws.com/valid_pdfs/DR--28888944.pdf","Ask a question that can’t be answered with just the document.","A good question is related to the document, but the answer isn't found in the document.","What other books were written by the novelist author?","Besides the theory discussed in this document, what other scientific theories explain the given phenomena?","Can you explain the term ""mitochondria""?","Questions that are unrelated to the document's content","","","What else does NASA do to prevent heat stress?"
"3TC2K6WK9IEIM04F6MP2SKCUTS782A","3FWHJCYVLHV1ZV8ST2GPUZCRACHSRJ","Brainstorm a Task for a Document","Given a PDF and a type of task, brainstorm a new task for that document.","document, brainstorming, questions","$0.50","Tue Jun 13 14:05:48 PDT 2023","1","BatchId:5090947;OriginalHitTemplateId:928390860;","1800","259200","Tue Jun 20 14:05:48 PDT 2023","","","3FFJ6VRIL4072GB8QN2HA58KI5O0IO","A1MJVTR0PCKBWW","Approved","Tue Jun 13 14:25:24 PDT 2023","Tue Jun 13 14:25:58 PDT 2023","Fri Jun 16 14:25:58 PDT 2023","Tue Jun 13 14:37:46 PDT 2023","","","34","100% (700/700)","100% (22/22)","100% (22/22)","https://docinstructpdfs.s3.amazonaws.com/valid_pdfs/DR--28888944.pdf","Ask a question that needs multiple parts of the document to answer.","A good question references sections or pages across different pages or different page numbers.","Do the results in the conclusions support the claims in the abstract?","","","Any task that is answerable in one place in the document, or not answerable at all.","","","What type of heat stress can cause heavy sweating?"
"3ULIZ0H1VCHSAX3HPKILBHSYZWS51O","3FWHJCYVLHV1ZV8ST2GPUZCRACHSRJ","Brainstorm a Task for a Document","Given a PDF and a type of task, brainstorm a new task for that document.","document, brainstorming, questions","$0.50","Tue Jun 13 14:05:48 PDT 2023","1","BatchId:5090947;OriginalHitTemplateId:928390860;","1800","259200","Tue Jun 20 14:05:48 PDT 2023","","","3W8CV64QJ5BP2FO1K13P348YLWS9H5","A38DC3BG1ZCVZ2","Submitted","Tue Jun 13 15:47:45 PDT 2023","Tue Jun 13 15:53:24 PDT 2023","Fri Jun 16 15:53:24 PDT 2023","","","","339","100% (242/242)","100% (125/125)","100% (125/125)","https://docinstructpdfs.s3.amazonaws.com/valid_pdfs/DR--28888944.pdf","Ask about the type of the document.","A good question asks whether a document falls into one or more categories, which are relevant to the document.","Is this document a scientific article?","Is this document about a residential lease or a commercial lease?","","What is this document? (too broad/general)","","","Can this document be categorized under health?"
"35U0MRQMULJU4JPX1DY9RBZ55V3VO7","3FWHJCYVLHV1ZV8ST2GPUZCRACHSRJ","Brainstorm a Task for a Document","Given a PDF and a type of task, brainstorm a new task for that document.","document, brainstorming, questions","$0.50","Tue Jun 13 14:05:48 PDT 2023","1","BatchId:5090947;OriginalHitTemplateId:928390860;","1800","259200","Tue Jun 20 14:05:48 PDT 2023","","","3I2PTA7R3W6MW46V7OH82REFNG0KQC","A1NF6PELRKACS9","Submitted","Tue Jun 13 18:39:47 PDT 2023","Tue Jun 13 18:57:33 PDT 2023","Fri Jun 16 18:57:33 PDT 2023","","","","1066","100% (3835/3836)","100% (49/49)","100% (49/49)","https://docinstructpdfs.s3.amazonaws.com/valid_pdfs/DR--28888944.pdf","Ask a question that is not answerable with the document.","A good question might:(a) be related to the document
(b) refer to non-existent tables, figures, or sections
(c) not have enough information to answer it
(d) not be related to the document at all","","","","","","","What can you do to increase the temperature of your body?"
"3XUSYT70IVDN7LXS87W4VOXG7LK0DO","3FWHJCYVLHV1ZV8ST2GPUZCRACHSRJ","Brainstorm a Task for a Document","Given a PDF and a type of task, brainstorm a new task for that document.","document, brainstorming, questions","$0.50","Tue Jun 13 14:05:48 PDT 2023","1","BatchId:5090947;OriginalHitTemplateId:928390860;","1800","259200","Tue Jun 20 14:05:48 PDT 2023","","","3L6L49WXW39CPGYU246PXZUSUYN45T","A1GGOZPHYU0OC0","Submitted","Tue Jun 13 18:33:08 PDT 2023","Tue Jun 13 18:35:45 PDT 2023","Fri Jun 16 18:35:45 PDT 2023","","","","157","100% (72/72)","100% (63/63)","100% (63/63)","https://docinstructpdfs.s3.amazonaws.com/valid_pdfs/DR--286776933.pdf","Ask a question about a figure in the document.","A good question refers to a figure number or page in the document.","What is the main takeaway of Figure 4?","What is the largest value in Figure 4?","What kind of graph is used on page 5?","What is the main takeaway of the second graph? (missing reference to page or figure number)","","","N/A - no numbered figures"
"3ICOHX7ENENSZRBS427O16F17XL0EH","3FWHJCYVLHV1ZV8ST2GPUZCRACHSRJ","Brainstorm a Task for a Document","Given a PDF and a type of task, brainstorm a new task for that document.","document, brainstorming, questions","$0.50","Tue Jun 13 14:05:48 PDT 2023","1","BatchId:5090947;OriginalHitTemplateId:928390860;","1800","259200","Tue Jun 20 14:05:48 PDT 2023","","","31N2WW6R9U2J9H8F82EF96TZ5S5F32","A1GGOZPHYU0OC0","Submitted","Tue Jun 13 18:36:59 PDT 2023","Tue Jun 13 18:42:47 PDT 2023","Fri Jun 16 18:42:47 PDT 2023","","","","348","100% (72/72)","100% (63/63)","100% (63/63)","https://docinstructpdfs.s3.amazonaws.com/valid_pdfs/DR--286776933.pdf","Ask a question about the document.","A good question can be fully answered by the information in the document and is not self-evident (not able to be verified with a quick scan).","Is 2pm on Wednesday free?","What evidence is used to support the author's conclusion in section #8?","","What is the title of subsection #4? (too easy to answer)","","","Did the Indus Valley civilization exist in 3 B.C.E.?"
"3UQ1LLR26CK26AJ2DQRL37HYPGYAL5","3FWHJCYVLHV1ZV8ST2GPUZCRACHSRJ","Brainstorm a Task for a Document","Given a PDF and a type of task, brainstorm a new task for that document.","document, brainstorming, questions","$0.50","Tue Jun 13 14:05:48 PDT 2023","2","BatchId:5090947;OriginalHitTemplateId:928390860;","1800","259200","Tue Jun 20 14:05:48 PDT 2023","","","3M23Y66PO5JRA50JXOCCN8OY4916SI","A1NF6PELRKACS9","Submitted","Tue Jun 13 18:33:31 PDT 2023","Tue Jun 13 18:50:36 PDT 2023","Fri Jun 16 18:50:36 PDT 2023","","","","1025","100% (3835/3836)","100% (49/49)","100% (49/49)","https://docinstructpdfs.s3.amazonaws.com/valid_pdfs/DR--286776933.pdf","Ask a question about a table in the document.","A good question can use multiple cells, rows, columns, or tables.","Can you convert the minutes column in Table 2 to hours?","What row has the maximum value of the ""Accuracy"" column?","","What value is in the third column, fourth row? (too easy to answer)","","","What is the main takeaway of the points mentioned in the Instructional Sequence/Procedure (Req.) section of the document?"
"3UQ1LLR26CK26AJ2DQRL37HYPGYAL5","3FWHJCYVLHV1ZV8ST2GPUZCRACHSRJ","Brainstorm a Task for a Document","Given a PDF and a type of task, brainstorm a new task for that document.","document, brainstorming, questions","$0.50","Tue Jun 13 14:05:48 PDT 2023","2","BatchId:5090947;OriginalHitTemplateId:928390860;","1800","259200","Tue Jun 20 14:05:48 PDT 2023","","","3KOPY89HMBEZEJUBRS50O4LRYVV3JU","AORHXBTOCXFUK","Rejected","Tue Jun 13 14:11:57 PDT 2023","Tue Jun 13 14:18:08 PDT 2023","Fri Jun 16 14:18:08 PDT 2023","","Tue Jun 13 14:20:43 PDT 2023","Low quality submissions for DocInstruct Tasks v2 batch.","371","65% (13/20)","13% (1/8)","13% (1/8)","https://docinstructpdfs.s3.amazonaws.com/valid_pdfs/DR--286776933.pdf","Ask a question about a table in the document.","A good question can use multiple cells, rows, columns, or tables.","Can you convert the minutes column in Table 2 to hours?","What row has the maximum value of the ""Accuracy"" column?","","What value is in the third column, fourth row? (too easy to answer)","","","Common Core Curriculum Standards Used ?"
"3G57RS03HJHZZILD8OIZG023R26525","3FWHJCYVLHV1ZV8ST2GPUZCRACHSRJ","Brainstorm a Task for a Document","Given a PDF and a type of task, brainstorm a new task for that document.","document, brainstorming, questions","$0.50","Tue Jun 13 14:05:48 PDT 2023","1","BatchId:5090947;OriginalHitTemplateId:928390860;","1800","259200","Tue Jun 20 14:05:48 PDT 2023","","","339ANSOTR8E9F6ICUGCZTPNTW2SIK8","AE861G0AY5RGT","Approved","Tue Jun 13 14:10:30 PDT 2023","Tue Jun 13 14:31:27 PDT 2023","Fri Jun 16 14:31:27 PDT 2023","Tue Jun 13 14:37:46 PDT 2023","","","1257","100% (4/4)","100% (4/4)","100% (4/4)","https://docinstructpdfs.s3.amazonaws.com/valid_pdfs/DR--286776933.pdf","Ask a question about the structure of the document.","A good question references parts of the document by name, number, or page, and asks about content in those parts.","What is the main takeaway from section 5?","What counterexamples are provided in paragraph 3, section #1?","","How many sections are there in the document? (too easy to answer)","What is the title of the document? (too easy to answer)","","What is the purpose of providing the section titled India facts?"